{
  "test_loss": 0.41876709798158496,
  "test_top1_acc": 0.8947368421052632,
  "test_top5_acc": 0.9880041985305144,
  "test_size": 6669,
  "train_size": 31070,
  "val_size": 6666,
  "num_classes": 132,
  "checkpoint": "/content/product_visual_search/outputs/checkpoints/resnet18_full_best.pth"
}