Recall@1,Recall@5,Recall@10
0.8791946308724832,0.9463087248322147,0.9731543624161074
